{"text": " and used an exceedingly beautiful type, which is indeed to look at a transition between Gothic and Roman.", "segments": [{"id": 1, "seek": 707, "start": 0.0, "end": 2.7800000000000002, "text": " and used an exceedingly beautiful type,", "tokens": [50364, 293, 1143, 364, 14048, 12163, 2238, 2010, 11, 50503], "temperature": 0.0, "avg_logprob": -0.20326450946075575, "compression_ratio": 1.141304347826087, "no_speech_prob": 0.00608062744140625, "words": null, "speaker": "SPEAKER_00"}, {"id": 2, "seek": 707, "start": 2.7800000000000002, "end": 5.08, "text": " which is indeed to look at a transition", "tokens": [50503, 597, 307, 6451, 281, 574, 412, 257, 6034, 50618], "temperature": 0.0, "avg_logprob": -0.20326450946075575, "compression_ratio": 1.141304347826087, "no_speech_prob": 0.00608062744140625, "words": null, "speaker": "SPEAKER_00"}, {"id": 3, "seek": 707, "start": 5.08, "end": 7.2, "text": " between Gothic and Roman.", "tokens": [50618, 1296, 47143, 293, 8566, 13, 50724], "temperature": 0.0, "avg_logprob": -0.20326450946075575, "compression_ratio": 1.141304347826087, "no_speech_prob": 0.00608062744140625, "words": null, "speaker": "SPEAKER_00"}], "language": "en"}