{"text": " Hello, testing one, two, three.", "segments": [{"id": 1, "seek": 292, "start": 0.0, "end": 3.0, "text": " Hello, testing one, two, three.", "tokens": [50364, 2425, 11, 4997, 472, 11, 732, 11, 1045, 13, 50514], "temperature": 0.0, "avg_logprob": -0.6188150842984518, "compression_ratio": 0.8857142857142857, "no_speech_prob": 0.03375244140625, "words": null, "speaker": "SPEAKER_00"}], "language": "en"}