{"text": " Downy makes clothes softer, fresher.", "segments": [{"id": 1, "seek": 301, "start": 0.0, "end": 3.0, "text": " Downy makes clothes softer, fresher.", "tokens": [50364, 9506, 88, 1669, 5534, 23119, 11, 25235, 511, 13, 50514], "temperature": 0.0, "avg_logprob": -0.4309895957509677, "compression_ratio": 0.8571428571428571, "no_speech_prob": 0.0195770263671875, "words": null, "speaker": "SPEAKER_00"}], "language": "en"}